{
  "experiment": "simple_models_st_johns",
  "timestamp": "2026-01-15T21:39:13.626091",
  "n_records": 354,
  "n_features": 22,
  "cities": [
    "St. John's",
    "Paradise",
    "Mount Pearl",
    "Torbay"
  ],
  "results": {
    "Linear Regression": {
      "RMSE": 242531.97944489936,
      "MAE": 148737.19365164152,
      "R2": 0.18642387123615511,
      "CV_R2_Mean": 0.11298834126039684,
      "CV_R2_Std": 0.12317432427732516
    },
    "Ridge (\u03b1=1.0)": {
      "RMSE": 242361.05469545018,
      "MAE": 148313.97693380676,
      "R2": 0.18757020496762067,
      "CV_R2_Mean": 0.11676131668054726,
      "CV_R2_Std": 0.121151792305238
    },
    "Ridge (\u03b1=10.0)": {
      "RMSE": 241635.44035385066,
      "MAE": 146017.44933011048,
      "R2": 0.19242765396534356,
      "CV_R2_Mean": 0.13266814637547086,
      "CV_R2_Std": 0.10597293386637205
    },
    "Ridge (\u03b1=100.0)": {
      "RMSE": 242432.5801016293,
      "MAE": 142065.31109528872,
      "R2": 0.18709060690884038,
      "CV_R2_Mean": 0.14781373395618597,
      "CV_R2_Std": 0.05975961028463539
    },
    "Lasso (\u03b1=1.0)": {
      "RMSE": 242530.66496974655,
      "MAE": 148734.38400580946,
      "R2": 0.18643269005428043,
      "CV_R2_Mean": 0.11300477817060026,
      "CV_R2_Std": 0.12315383548925588
    },
    "Lasso (\u03b1=100.0)": {
      "RMSE": 242418.0896827964,
      "MAE": 148459.33000702638,
      "R2": 0.18718778069250797,
      "CV_R2_Mean": 0.1145782257810537,
      "CV_R2_Std": 0.12120517605575508
    },
    "Lasso (\u03b1=1000.0)": {
      "RMSE": 241831.8644063566,
      "MAE": 146601.74845957887,
      "R2": 0.19111417854134238,
      "CV_R2_Mean": 0.12376492908903074,
      "CV_R2_Std": 0.11246236889775241
    },
    "ElasticNet": {
      "RMSE": 243302.0975732123,
      "MAE": 141646.2743392881,
      "R2": 0.1812489291372762,
      "CV_R2_Mean": 0.1474524004078849,
      "CV_R2_Std": 0.05707168739911453
    },
    "KNN (k=3)": {
      "RMSE": 235662.99082841593,
      "MAE": 141757.51173708923,
      "R2": 0.23185546530449486,
      "CV_R2_Mean": -0.08416994595026062,
      "CV_R2_Std": 0.16792459841957225
    },
    "KNN (k=5)": {
      "RMSE": 229562.3610495279,
      "MAE": 136996.01408450704,
      "R2": 0.2711107578419507,
      "CV_R2_Mean": 0.10224735063975258,
      "CV_R2_Std": 0.1517916617972648
    },
    "KNN (k=10)": {
      "RMSE": 245354.87906254438,
      "MAE": 138029.9295774648,
      "R2": 0.16737475946656333,
      "CV_R2_Mean": 0.06229783766679382,
      "CV_R2_Std": 0.10769327900156822
    },
    "Decision Tree (max_depth=5)": {
      "RMSE": 260666.05197962662,
      "MAE": 163287.18858976904,
      "R2": 0.06021367071122197,
      "CV_R2_Mean": -0.04210940451015244,
      "CV_R2_Std": 0.0878396208201753
    },
    "Decision Tree (max_depth=10)": {
      "RMSE": 323510.0370583878,
      "MAE": 190373.49214125331,
      "R2": -0.4475570660063424,
      "CV_R2_Mean": -0.32423005268608823,
      "CV_R2_Std": 0.21779924012972568
    },
    "SVR (RBF)": {
      "RMSE": 274555.38295082503,
      "MAE": 163500.35264989687,
      "R2": -0.04260571378615263,
      "CV_R2_Mean": -0.056316964092453944,
      "CV_R2_Std": 0.029000475405305346
    }
  }
}